#{"t_start": 1767870456.440601, "env_id": "LunarLander-v3"}
r,l,t
-309.725066,112,1022.804439
-104.928744,100,1022.81095
-256.017024,119,1022.818458
-83.984128,121,1022.825472
-365.532396,111,1022.832981
-270.309666,87,1022.83899
-272.754839,87,1022.844661
15.932124,87,1022.849345
-126.315105,97,1022.855979
-11.022895,114,1022.8632
-110.477091,79,1022.868794
-252.190237,80,1022.873473
0.770406,73,1022.879096
-187.807904,74,1022.883147
-156.211144,105,1022.88948
-100.470939,82,1022.894609
-141.897805,64,1022.899703
-74.445212,72,1022.904395
-291.786494,106,1022.910109
-211.203623,83,1022.917804
-81.14895,76,1022.923313
-104.619073,81,1022.928323
-172.651526,79,1022.933323
-247.631112,101,1022.939333
-91.970105,113,1022.946347
-103.988015,96,1022.952854
-167.661332,80,1022.95736
-86.875825,101,1022.962866
-329.054018,102,1022.969877
-166.634419,106,1022.976466
-379.867633,88,1022.981972
-293.40788,99,1022.98848
-201.974144,72,1022.992988
-106.624851,68,1022.997666
-205.634344,92,1023.003263
-194.966669,105,1023.009581
-88.416686,110,1023.017081
-400.730322,104,1023.023593
-67.949674,76,1023.029181
-87.219226,94,1023.035293
-106.183954,60,1023.040041
-110.046617,82,1023.044628
-83.410106,89,1023.050243
-223.611114,76,1023.054917
-224.683708,67,1023.059922
-127.535306,99,1023.065429
-108.194434,112,1023.071937
-267.490975,80,1023.077446
-105.915661,75,1023.082954
-276.047787,94,1023.08806
-147.329033,103,1023.094581
-148.662007,122,1023.102128
-194.570362,107,1023.108147
-70.451472,65,1023.112663
-120.253682,113,1023.119319
-425.465975,88,1023.124836
-109.574668,72,1023.130359
-41.207725,69,1023.134861
-142.018174,100,1023.140868
-334.72058,99,1023.146887
-132.071991,98,1023.153389
-179.450697,64,1023.157895
-145.315476,111,1023.164402
-200.985116,65,1023.168302
-118.929474,63,1023.174302
-109.944209,101,1023.180117
-91.853482,73,1023.185125
-405.451113,85,1023.190128
-298.234081,79,1023.196142
-209.572623,77,1023.20066
-111.371174,68,1023.205172
-110.705229,81,1023.210681
-277.908472,98,1023.216797
-129.544843,106,1023.224306
-306.330367,96,1023.229985
-87.99769,60,1023.232988
-68.188773,64,1023.237494
-141.851413,111,1023.244503
-107.931803,75,1023.249017
-134.699111,84,1023.255025
-100.932687,60,1023.259036
-314.664901,87,1023.265034
-368.171407,108,1023.271539
-256.303972,90,1023.277047
-396.554634,89,1023.28306
-196.397816,104,1023.29009
-291.360056,103,1023.296595
-60.709434,59,1023.300597
-103.887239,110,1023.308635
-330.977412,116,1023.316649
-495.630672,113,1023.323164
-102.703034,76,1023.32824
-309.388359,109,1023.336277
-108.391959,95,1023.341282
-392.341314,97,1023.347196
-304.393931,103,1023.354202
-153.05432,79,1023.358734
-316.662835,127,1023.367258
-53.379915,70,1023.370771
-107.921028,102,1023.377289
-224.198587,109,1023.384804
-166.531344,67,1023.388811
-245.705531,102,1023.395827
-121.458254,79,1023.400331
-122.452271,113,1023.408339
-104.251405,63,1023.412347
-156.719002,115,1023.419373
-89.787997,109,1023.427381
-94.63909,65,1023.432907
-370.324638,85,1023.437945
-63.707962,60,1023.441953
-115.852693,93,1028.375226
-350.702777,98,1028.4642
-45.992689,112,1028.549671
-212.020298,96,1028.617268
-352.667398,113,1028.692778
-119.368919,117,1028.772656
-92.560218,75,1028.823666
-278.788062,132,1028.917865
-159.22823,80,1028.972778
-322.385306,122,1029.058076
-88.022402,73,1029.115459
-58.413228,69,1029.164495
-147.939616,104,1029.23759
-84.781099,73,1029.290782
-193.471241,113,1029.369124
-155.730491,90,1029.429504
-210.180258,69,1029.474661
-197.873106,76,1029.53182
-109.342737,88,1029.592438
-280.387917,101,1029.666762
-81.967063,64,1029.713287
-172.668529,115,1029.793215
-201.51081,103,1029.866392
-240.487493,113,1029.945348
-158.359977,118,1030.030678
-275.674931,92,1030.097624
-137.942025,65,1030.142212
-106.664683,105,1030.210166
-73.284132,71,1030.261793
-230.073574,116,1030.341045
-232.187432,63,1030.386261
-214.982013,113,1030.46565
-36.309104,93,1030.535264
-154.459177,85,1030.593618
-129.554845,108,1030.667382
-119.684387,85,1030.729769
-258.575596,89,1030.789794
-90.845241,71,1030.839341
-306.223526,96,1030.909609
-108.684793,81,1030.967354
-249.590233,126,1031.056622
-357.534108,100,1031.127722
-81.483299,81,1031.186604
-288.581297,120,1031.269872
-274.834077,103,1031.344224
-251.6416,93,1031.404502
-278.631855,90,1031.469283
-151.573131,80,1031.527371
-143.464836,88,1031.58957
-212.837983,120,1031.675545
-89.048041,75,1031.72816
-243.605618,112,1031.806884
-67.426711,86,1031.868399
-92.310559,82,1031.924499
-72.990072,91,1031.991611
-40.249393,67,1032.040419
-283.769693,89,1032.102016
-336.087707,138,1032.197603
-82.098498,67,1032.24273
-43.493629,97,1032.311702
-109.539563,96,1032.379683
-92.235269,88,1032.438381
-88.753614,77,1032.497296
-323.732125,110,1032.574264
-167.744684,98,1032.641838
-96.154461,108,1032.71968
-230.493041,103,1032.787806
-222.425042,80,1032.84349
-62.337556,113,1032.929916
-142.584185,75,1032.981743
-113.246573,94,1033.045606
-159.99342,117,1033.125478
-279.108712,92,1033.198529
-76.813768,58,1033.239014
-80.300938,66,1033.285846
-163.181608,72,1033.339172
-186.352644,82,1033.401488
-25.845167,135,1033.493005
-60.416499,90,1033.560909
-139.350777,68,1033.609252
-95.184221,109,1033.69002
-83.459695,95,1033.757265
-212.4509,101,1033.829876
30.94128,70,1033.879085
-93.537241,75,1033.932191
-321.577712,107,1034.01358
-94.757477,92,1034.074636
-135.608218,105,1034.151145
-151.480958,102,1034.225114
-217.579919,77,1034.278927
-120.2837,73,1034.334524
-308.882663,87,1034.399428
-27.557182,77,1034.452714
-125.253617,112,1034.53822
-228.506407,112,1034.615126
-26.137438,70,1034.667537
-113.86136,89,1034.734453
-62.027009,113,1034.815137
-373.113285,85,1034.875573
-120.912513,84,1034.934161
-250.267619,143,1035.036277
-244.888677,92,1035.100405
-76.079009,68,1035.150593
-108.26507,75,1035.203122
-86.180352,70,1035.255033
-208.117208,95,1035.324396
-110.665272,72,1035.374223
-131.366798,117,1099.357075
-61.755224,66,1099.412045
-94.813397,105,1099.502997
-180.788306,125,1099.605072
-145.187789,121,1099.697782
-32.385614,120,1099.788611
-315.32243,98,1099.860316
-156.153721,79,1099.922155
-224.126865,104,1100.000026
-32.711677,73,1100.055343
-111.662559,76,1100.112783
-109.048513,129,1100.221533
-210.022719,77,1100.280907
7.943053,120,1100.366817
-40.014605,132,1100.463468
-198.93209,87,1100.530381
-217.813726,116,1100.614561
-137.520101,67,1100.665083
-315.32026,91,1100.736058
-201.997329,76,1100.789436
-66.251458,106,1100.873506
-174.730628,103,1100.942729
-134.752696,88,1101.009834
-262.454262,82,1101.073253
-166.625048,91,1101.139373
-153.075938,89,1101.206146
-140.496913,72,1101.260177
-148.110475,127,1101.354214
-265.231801,132,1101.451438
11.710854,105,1101.53555
-471.151203,93,1101.602278
-90.653903,137,1101.697621
-208.108506,107,1101.779118
-220.854683,96,1101.849998
-69.060627,117,1101.931868
-78.203247,103,1102.004624
-190.839422,116,1102.090878
-63.570553,71,1102.140999
-138.035167,64,1102.185154
-83.302025,65,1102.229708
-167.226588,115,1102.31633
-79.101497,90,1102.38078
-135.160334,105,1102.457159
-164.779822,120,1102.543056
-95.074671,97,1102.612613
-158.494072,115,1102.699822
-159.868508,103,1102.77733
-89.502394,82,1102.840966
-113.675628,115,1102.935366
-141.584495,94,1103.000878
-137.911261,89,1103.063587
-218.156337,106,1103.143713
-70.995443,142,1103.247111
-111.308681,87,1103.312517
-91.991335,74,1103.364601
-5.627228,93,1103.43329
-207.22105,105,1103.511342
-92.641345,84,1103.572185
-106.701063,91,1103.639744
-3.220635,92,1103.715298
-206.037091,77,1103.769124
-224.777012,136,1103.870719
-86.17302,126,1103.964761
-205.115452,129,1104.058421
111.967795,1000,1104.84039
-155.830003,67,1104.891469
-119.270368,76,1104.947495
-278.769144,105,1105.021414
-383.181251,102,1105.094941
-164.541955,95,1105.167263
-24.914112,67,1105.217359
-112.469241,83,1105.280943
-286.249567,114,1105.364666
-239.906357,89,1105.42614
-95.625511,88,1105.496221
-61.62246,66,1105.546275
-132.938927,128,1105.638886
-121.03313,117,1105.72472
-82.264185,102,1105.803274
-168.047665,105,1105.882466
-137.918124,84,1105.947218
-119.805145,84,1106.008425
-160.693827,111,1106.092786
-352.513759,128,1106.188209
-28.988234,126,1106.283116
-132.913884,152,1106.399601
-252.468048,130,1106.494455
-87.81293,164,1106.616432
-102.812372,82,1106.676799
-117.436485,111,1106.760369
-93.256972,99,1106.835904
-30.530178,147,1168.11051
-91.032265,106,1168.210271
-103.10208,95,1168.29103
-320.342033,170,1168.423465
-243.209396,126,1168.524329
-197.215192,101,1168.602323
-73.04761,73,1168.657578
-300.071975,116,1168.748479
-134.028125,95,1168.821276
-258.601189,91,1168.892156
-218.872134,110,1168.976276
-86.563755,89,1169.046937
-59.087347,109,1169.133121
-71.237441,112,1169.216894
-89.271026,133,1169.321532
-130.562954,97,1169.395316
-95.021136,136,1169.506453
-90.74689,93,1169.571563
-161.097108,128,1169.669742
-45.099408,98,1169.749152
-94.912779,91,1169.818774
-150.366781,137,1169.925961
-57.19936,71,1169.978251
-128.96366,76,1170.040985
-112.236034,112,1170.127384
-145.663514,71,1170.177396
-180.945461,99,1170.252376
-121.073168,79,1170.314549
-114.881918,116,1170.399888
-93.765535,146,1170.511885
-257.018168,119,1170.599655
-82.344833,72,1170.656795
-52.453951,80,1170.72118
-95.169865,106,1170.795455
-336.2043,97,1170.865143
-89.805788,125,1170.958332
-109.4736,113,1171.045609
-89.224833,83,1171.109769
-126.922015,144,1171.22071
-118.451362,103,1171.301455
6.611904,147,1171.418423
-68.233493,153,1171.531335
-77.169252,79,1171.588801
-323.271484,124,1171.685609
-119.278954,95,1171.753558
-88.763222,131,1171.857993
-140.177365,139,1171.95923
-259.467826,84,1172.029177
-121.791167,121,1172.128852
-108.243214,91,1172.203034
-48.661711,104,1172.286361
-48.877044,64,1172.343413
-110.467035,83,1172.409032
-83.107954,138,1172.524638
-272.312036,152,1172.658868
-62.780428,114,1172.755513
-64.442235,81,1172.818721
-135.151123,93,1172.895967
-100.504156,90,1172.970979
-117.008694,119,1173.069151
-174.944776,91,1173.145405
-18.25751,100,1173.229131
-132.182599,122,1173.332048
-222.806595,94,1173.404661
-181.926313,125,1173.502831
-166.812865,117,1173.603418
-189.807968,99,1173.68329
-180.603482,95,1173.763415
-73.435367,105,1173.855446
-175.704947,96,1173.935734
-106.46046,121,1174.025315
-124.937427,113,1174.112702
-83.327514,70,1174.165168
-82.154468,80,1174.230143
-48.951317,82,1174.298074
-81.089957,85,1174.36155
-217.46108,128,1174.462706
-187.638805,90,1174.532575
-134.241362,114,1174.615373
-158.764904,92,1174.690158
-247.125415,96,1174.760703
-93.661527,104,1174.841396
-153.980343,101,1174.916986
-183.709649,89,1174.988825
-153.428671,100,1175.06663
-155.000174,81,1175.1277
-184.998313,119,1175.217842
-181.806988,126,1175.311992
-149.147524,106,1175.396054
-92.67292,74,1175.450463
-74.864048,114,1175.539347
-159.967788,114,1175.628735
-64.709428,72,1175.685451
-145.697667,98,1175.765102
20.672238,151,1271.852043
-116.833844,106,1272.030473
-106.740909,74,1272.142312
-126.212814,117,1272.324193
-91.363487,109,1272.498859
-215.399505,87,1272.634256
-150.185502,120,1272.832796
-116.769956,152,1273.072466
-139.897848,94,1273.20903
-97.258747,99,1273.36927
-175.504308,112,1273.536647
-35.158803,146,1273.757426
-318.112269,141,1273.97892
-109.000938,81,1274.111626
-273.792534,116,1274.28632
-91.373671,132,1274.487108
-161.497112,115,1274.66291
141.487288,1000,1276.268517
-72.54772,125,1276.460763
-126.327992,90,1276.592543
-273.486093,92,1276.738548
-134.380164,72,1276.854142
-230.510979,129,1277.067532
-285.98845,158,1277.325546
-115.063213,94,1277.476422
-57.335045,111,1277.648354
-100.704902,119,1277.835554
-107.849117,70,1277.95659
50.983034,81,1278.075699
-161.562738,115,1278.267444
-172.362131,118,1278.453474
-59.570527,81,1278.58314
-84.923541,115,1278.766207
-85.943821,139,1278.980134
-107.256276,80,1279.119647
-41.176886,98,1279.277482
-58.642052,79,1279.39804
-94.141472,74,1279.521729
-107.220335,123,1279.704583
-242.483975,136,1279.914403
-212.390433,152,1280.154771
-182.393121,140,1280.380296
-85.003601,123,1280.573077
-116.542869,135,1280.792961
29.786472,175,1281.068654
-182.563339,144,1281.308782
-31.721695,119,1281.521379
-83.389693,131,1281.736204
-224.240366,100,1281.89272
-95.522251,115,1282.072029
-181.898402,108,1282.242143
-284.619939,129,1282.43859
-17.724238,138,1282.668603
-111.637254,87,1282.805852
-184.826159,85,1282.946208
-89.943336,116,1283.102975
-76.084966,97,1283.254235
-73.943108,173,1283.539982
-86.384926,76,1283.662755
-107.0473,91,1283.801649
-73.916854,113,1283.969958
-85.250635,80,1284.104759
-214.417998,125,1284.309388
-57.492886,85,1284.454917
-114.439045,84,1284.602622
8.84857,124,1284.819022
-91.8313,66,1284.921283
-129.102268,102,1285.086123
-131.016628,100,1285.277589
-146.34198,131,1285.499356
-102.319045,94,1285.660021
-89.855314,136,1285.884158
-78.890375,141,1286.107816
-24.051382,154,1286.365531
-102.150498,115,1286.548622
-75.965837,152,1286.777158
-315.22173,118,1286.95842
-207.833907,129,1287.161151
-101.05956,125,1287.357427
-63.265202,108,1287.51818
-315.410509,127,1287.712789
-130.513716,95,1349.826319
-111.13145,120,1350.008108
-65.639879,127,1350.202939
-100.374965,69,1350.30823
-177.448977,94,1350.450459
-153.018206,109,1350.631466
-72.155958,80,1350.752643
-96.568881,135,1350.959587
-62.14257,129,1351.172742
-57.710678,92,1351.313524
-116.992586,99,1351.481188
-95.666096,94,1351.633553
-109.589602,81,1351.760613
-71.496338,131,1351.966266
-84.055616,69,1352.087203
-78.393654,103,1352.274332
-88.420957,84,1352.409256
-110.648223,126,1352.621711
-62.476343,78,1352.755522
-106.750316,83,1352.898576
-78.553138,81,1353.027613
-44.351565,78,1353.157754
-104.597114,102,1353.331536
-70.743709,101,1353.506557
-96.839141,79,1353.658409
-59.90694,113,1353.862051
-95.848647,107,1354.037016
-92.730175,139,1354.223052
-159.302789,155,1354.346482
-136.239389,169,1354.482867
-114.136982,107,1354.564593
-132.342476,102,1354.642431
-76.458226,144,1354.76003
-67.449185,143,1354.872433
-226.686702,140,1354.983503
-41.865451,165,1355.121792
47.188789,125,1355.239359
-116.948172,140,1355.353247
-78.063643,110,1355.449754
-182.319828,131,1355.562295
3.060892,98,1355.641176
-74.560432,196,1355.803379
23.523151,143,1355.932632
-125.97186,138,1356.037209
-95.576844,66,1356.087779
-92.819224,148,1356.207003
-106.829881,95,1356.279969
-5.950621,125,1356.388006
-202.712359,134,1356.494305
65.217496,106,1356.586498
-84.780483,142,1356.700449
-62.176424,83,1356.768451
-187.582434,122,1356.868276
-192.203124,128,1356.973281
6.832335,68,1357.025521
-82.993142,107,1357.112266
-42.214999,99,1357.194314
41.461682,164,1357.323522
-93.844638,119,1357.427269
-57.85309,87,1357.494631
-112.786935,117,1357.597939
-64.381806,71,1357.65117
-98.732884,136,1357.757977
-22.414612,111,1357.850513
-112.74735,184,1358.007069
-101.814002,107,1358.096702
-73.929677,79,1358.162133
-189.995857,171,1358.302589
-5.918106,153,1358.426678
-87.834568,87,1358.493504
-207.154429,69,1358.545486
-123.46001,126,1358.650497
-79.474546,112,1358.745782
-68.836878,97,1358.824548
-52.220316,112,1358.916507
-81.355788,87,1358.985624
-92.368863,74,1359.04931
-104.658198,118,1359.145667
-127.97726,141,1359.265584
-49.960114,106,1359.364149
-67.76969,143,1359.612425
-232.222717,163,1359.860683
-63.054012,166,1360.143439
-71.85626,133,1360.357481
-61.100595,76,1360.481453
-161.344405,115,1360.666992
-107.937291,146,1360.903338
-116.570088,123,1465.448137
-178.876868,107,1465.6257
-80.217957,162,1465.877757
-96.172406,127,1466.091047
-28.364615,168,1466.369982
-101.743008,122,1466.567239
-27.72647,147,1466.797424
-61.883432,194,1467.118511
-45.336916,131,1467.336238
-96.589789,140,1467.579294
-47.775428,99,1467.734358
-74.915427,131,1467.946588
-67.091718,86,1468.079916
-81.997871,87,1468.212818
-74.270484,158,1468.482018
-60.686282,101,1468.642676
-64.22993,74,1468.756522
-130.279707,94,1468.894408
-48.289572,90,1469.036413
-55.76982,116,1469.214457
-106.578142,102,1469.372729
-80.564486,164,1469.631527
-66.33544,151,1469.871989
-132.438272,102,1470.032945
-200.526284,120,1470.217165
18.511106,126,1470.42547
-101.641817,178,1470.71225
-21.38382,209,1471.052976
-122.558438,65,1471.152989
-58.238913,113,1471.335931
-430.880128,130,1471.548504
-74.597395,83,1471.677592
-22.017797,63,1471.772062
-106.240341,90,1471.927194
-122.829889,127,1472.195675
-49.975973,151,1472.467616
-218.481839,104,1472.654441
-48.386162,116,1472.865271
-77.333946,147,1473.126221
-74.763199,78,1473.260937
-96.476547,102,1473.438438
-103.994494,116,1473.639982
-77.55144,75,1473.79054
-57.925993,93,1473.94431
-119.013307,142,1474.185496
-80.000483,87,1474.355221
3.762968,140,1474.628761
-83.241246,132,1474.869554
-72.228477,125,1475.096143
-99.660921,104,1475.302987
-84.691698,129,1475.554218
-106.467507,93,1475.725534
-83.693057,104,1475.930111
-45.106777,154,1476.191483
-158.669271,124,1476.397562
-37.882056,149,1476.650244
-84.67283,90,1476.787792
-27.231565,179,1477.099079
-104.647987,109,1477.271169
-79.581597,167,1477.547827
-186.717775,100,1477.705501
-0.998034,210,1478.051124
-31.118138,148,1478.285634
-257.379526,133,1478.507426
27.764544,107,1478.673758
-52.826115,161,1478.946887
-58.637853,140,1479.185688
-126.557956,172,1479.466367
-2.812943,97,1479.621785
-79.91908,107,1479.795545
-70.208766,104,1479.964363
-93.428568,162,1480.214957
-64.003749,136,1480.436285
-100.122151,172,1480.728129
-58.355107,153,1480.973065
-68.623499,70,1481.093423
-35.046235,130,1481.307667
-55.5283,184,1481.629252
-79.253199,100,1481.795192
-111.091433,158,1482.047075
-64.277501,102,1573.671639
-32.761802,81,1573.762649
-21.525072,134,1573.90274
-94.30059,139,1574.031465
-36.408968,95,1574.11746
-70.957815,144,1574.24233
-57.262652,135,1574.354238
-89.076308,123,1574.458493
-59.66189,164,1574.606422
-55.66423,140,1574.725798
-107.871071,173,1574.874303
-104.594401,187,1575.034484
-34.641387,132,1575.14643
-56.783845,96,1575.228244
-198.710347,206,1575.399643
-74.610017,190,1575.558357
-89.123637,72,1575.618697
-130.335134,111,1575.711196
-98.825133,104,1575.797723
-52.489313,115,1575.896878
-79.191214,90,1575.971988
-48.355987,85,1576.044194
-51.959306,138,1576.161974
-39.235946,99,1576.247553
-100.433127,210,1576.423022
-79.480176,128,1576.530897
-27.181405,156,1576.658664
-50.626057,156,1576.785725
-48.395164,62,1576.838392
-110.545479,116,1576.935857
-111.754909,91,1577.00753
15.596858,1000,1577.914491
-14.506865,132,1578.031155
-49.608292,90,1578.116254
-66.424043,118,1578.220734
-30.897672,188,1578.378305
-5.054666,93,1578.463041
-55.690478,99,1578.5461
-87.727714,159,1578.68526
-81.763076,88,1578.759246
-72.168021,96,1578.83557
-52.344456,155,1578.965517
-115.261163,168,1579.113465
1.474197,141,1579.229292
-81.537728,123,1579.337259
-44.191377,166,1579.486318
-28.762632,182,1579.647085
-77.882917,133,1579.760254
-65.567922,101,1579.845713
-48.725629,114,1579.944137
-54.484424,70,1579.99981
-10.285464,70,1580.058197
-84.39174,141,1580.182251
-64.506251,101,1580.263009
-35.013091,114,1580.364671
-67.966321,72,1580.425217
-62.352804,84,1580.497427
-83.289743,146,1580.621791
-161.560065,184,1580.776179
-60.459084,101,1580.866102
-219.788953,156,1580.997127
-109.074694,139,1581.115455
-79.349195,202,1581.291355
-66.302671,80,1581.362435
-48.652692,162,1581.493057
19.383764,154,1581.627713
-36.657265,105,1581.717376
3.346206,136,1581.839702
-141.085474,123,1581.944387
-113.37992,65,1581.999194
-80.756748,88,1582.075251
-49.848922,100,1582.161009
-49.32945,162,1640.929669
-31.89362,89,1641.02043
-16.515478,172,1641.185917
-226.848961,91,1641.271441
-19.502586,75,1641.337655
-72.791602,122,1641.457811
-83.111808,103,1641.550814
-133.664802,137,1641.672795
-46.103249,123,1641.781669
80.425674,1000,1642.652699
-76.213417,71,1642.71292
-70.976656,139,1642.825606
-39.136165,173,1642.97082
-43.446596,110,1643.067429
-44.129014,123,1643.172298
-47.354856,191,1643.32715
-181.969199,138,1643.441648
-54.825854,214,1643.627109
79.964654,1000,1644.570617
-28.45088,126,1644.685434
-109.873168,109,1644.774504
-42.611721,130,1644.896938
-30.816545,181,1645.049715
-37.676181,86,1645.119558
-12.374019,94,1645.200911
-71.29643,92,1645.276594
-26.115624,114,1645.376052
-21.394274,153,1645.511529
-68.47404,98,1645.590171
-58.054158,156,1645.721285
-53.695472,194,1645.888896
-37.76373,127,1645.989961
-57.115595,163,1646.141495
-81.386116,70,1646.201451
-136.207215,297,1646.459991
-154.674795,100,1646.544183
-58.266708,105,1646.631066
-214.650496,166,1646.772643
-72.857293,188,1646.945959
82.294,1000,1647.810619
26.15399,178,1647.96821
-123.028135,208,1648.157357
-88.321964,144,1648.277531
-27.633545,107,1648.36968
-71.95562,195,1648.534382
14.166173,148,1648.663357
-129.259941,252,1648.885517
-117.722725,163,1649.029563
1.855361,142,1649.153422
-54.758995,175,1649.308689
-60.401962,160,1649.448138
-59.11105,121,1649.552243
-5.968409,94,1649.631045
-29.462477,126,1710.917824
-62.025896,175,1711.098706
-66.376328,99,1711.182978
-27.130376,133,1711.303121
-40.442544,154,1711.433338
-18.693237,279,1711.678608
-60.107289,162,1711.815171
-70.758435,223,1712.008572
-78.803502,145,1712.140859
-33.978926,103,1712.232592
-24.18867,148,1712.365532
-36.427059,184,1712.53447
-47.777583,196,1712.719703
-60.541989,83,1712.795858
-10.91719,192,1712.97023
8.434738,114,1713.069302
-53.716875,108,1713.167396
-6.988782,221,1713.365181
-56.936301,164,1713.514078
-41.375047,208,1713.717472
-51.025986,66,1713.77026
-60.437048,82,1713.847694
-12.071453,377,1714.184378
-29.31273,145,1714.311442
-7.193957,297,1714.567924
7.363784,104,1714.6602
-52.820081,89,1714.735315
-38.882347,347,1715.025671
-7.585289,193,1715.207396
15.40078,195,1715.374124
-40.038254,116,1715.473037
-27.47156,212,1715.659953
-34.938189,168,1715.811842
-86.789915,225,1716.005626
-31.777145,194,1716.176637
-25.298988,145,1716.302035
55.782397,1000,1717.196386
-59.244591,245,1717.412667
5.972731,232,1717.61246
-74.731205,184,1717.776265
-57.775692,99,1717.867679
-52.278009,97,1717.954935
-69.64959,185,1718.113541
-1.447155,148,1718.237739
-102.50934,132,1718.356272
-45.54048,126,1718.467914
-10.590388,226,1718.672603
32.007822,203,1718.862797
-22.300583,114,1718.962498
-5.69361,218,1719.154217
-20.892228,102,1719.241654
-42.94448,202,1719.421492
0.872205,124,1719.534198
-11.588475,97,1719.624162
20.812111,165,1773.43343
3.260662,125,1773.57443
-20.769723,312,1773.889634
-9.362724,287,1774.143516
8.739581,184,1774.311287
-60.090507,115,1774.412808
-41.863435,145,1774.541326
-20.942998,113,1774.641069
-60.69412,270,1774.894187
16.980228,275,1775.156714
-31.266528,132,1775.277088
-15.205658,441,1775.672392
-21.645835,162,1775.820455
-96.049026,217,1776.015397
-24.97303,1000,1776.937336
-46.549913,318,1777.220997
-51.564528,158,1777.366376
15.50467,144,1777.496896
-46.541134,217,1777.688179
-88.100461,295,1777.952086
-73.954037,377,1778.289447
-74.683823,253,1778.510254
30.363998,283,1778.764335
8.111468,203,1778.943087
-93.361916,225,1779.146128
-25.491705,387,1779.492268
10.540501,176,1779.654319
93.317749,1000,1780.549582
-77.890064,331,1780.849823
114.258426,1000,1781.767612
-46.070127,444,1782.169054
-49.38844,267,1782.406377
20.462615,200,1825.14743
21.420073,100,1825.252275
52.945791,1000,1826.201259
-13.033666,144,1826.334342
6.029952,1000,1827.28871
-53.427624,331,1827.591234
-92.636098,222,1827.797124
-72.894081,200,1827.975948
-115.363077,158,1828.126856
-27.792151,133,1828.244385
-92.573971,334,1828.552547
80.299042,1000,1829.472535
-104.734845,144,1829.610384
-26.389101,1000,1830.546263
69.529431,1000,1831.484462
-48.499083,1000,1832.438497
-30.741981,171,1832.603059
-111.011137,434,1833.036379
-21.851399,332,1833.370544
52.488016,1000,1834.355919
103.33925,1000,1886.649389
-39.851708,225,1886.864383
-220.165844,133,1886.992155
11.146631,1000,1887.943097
65.653148,1000,1888.902368
-34.207319,243,1889.131079
68.743982,1000,1890.097419
-12.192966,216,1890.296505
-202.946441,345,1890.631069
132.610509,1000,1891.595525
26.295592,1000,1892.587962
-62.013219,1000,1893.59491
79.212546,1000,1894.582333
221.15853,892,1895.451666
-178.164509,766,1939.078498
-24.844008,1000,1940.099939
-43.810868,1000,1941.130085
21.619207,1000,1942.149983
-100.371383,685,1942.846112
56.161753,1000,1943.887076
46.657747,1000,1944.943066
32.403899,1000,1945.969602
-111.848443,188,1946.167627
68.348141,1000,1947.188711
-55.518205,1000,1948.232572
-52.934149,1000,1992.660495
-95.817694,167,1992.831352
-54.068193,1000,1993.831423
-26.774364,1000,1994.835233
18.729269,1000,1995.832067
-43.935826,1000,1996.81401
-68.40702,1000,1997.792514
-123.140817,344,1998.133116
-10.909647,1000,1999.138644
-36.627826,1000,2000.13835
44.338378,1000,2001.156221
-137.852056,195,2001.356527
-108.209268,149,2001.504228
-115.849091,238,2001.742725
-143.889133,204,2001.946465
-59.613525,1000,2026.219199
57.372302,1000,2027.249707
-123.706048,155,2027.417377
-104.977494,197,2027.618675
-57.358394,1000,2028.638894
-47.583584,1000,2029.661588
-13.426005,1000,2030.686549
-45.853928,1000,2031.716428
-33.637501,1000,2032.744187
-38.687763,1000,2033.789919
-95.070176,1000,2034.810319
-107.779432,196,2035.012315
-71.29967,1000,2065.071668
-34.387005,1000,2066.105772
-35.816686,1000,2067.151246
-69.829807,1000,2068.161135
-126.760123,173,2068.335503
-69.680983,1000,2069.362637
-78.578537,1000,2070.397499
-87.536089,170,2070.577697
-79.807917,1000,2071.62084
-32.773093,1000,2072.709833
-23.918713,1000,2073.850977
-127.421889,207,2074.080301
-86.021669,183,2074.281857
-125.680565,227,2074.527268
-63.417856,1000,2111.814338
-46.286823,1000,2112.886518
-87.135428,1000,2113.912516
-140.606041,311,2114.22995
-148.11578,214,2114.457166
-124.791786,160,2114.620965
-73.094087,1000,2115.646288
-39.891935,1000,2116.692838
-76.74373,1000,2117.763815
-128.806529,234,2118.002103
-83.712011,1000,2119.066513
-88.062318,1000,2120.123431
-75.24028,1000,2121.174259
-106.584781,202,2121.383703
-35.338038,1000,2164.365235
-100.382088,148,2164.552697
-90.684204,1000,2165.83412
-90.584834,1000,2167.034363
-76.211494,1000,2168.180046
-66.379239,1000,2169.25411
-32.394515,1000,2170.305682
-110.795741,151,2170.461926
-57.215405,1000,2171.531168
-71.341134,1000,2172.597162
-63.579631,1000,2173.672243
-53.913056,1000,2174.727394
-91.28722,1000,2217.277145
-122.898767,165,2217.463115
-36.404587,1000,2218.696275
-107.216297,179,2218.934509
-98.878607,180,2219.178706
-55.751543,1000,2220.347673
-77.670996,1000,2221.500147
-46.430218,1000,2222.601728
-122.970438,274,2222.904057
-67.197885,1000,2224.006526
-17.340219,1000,2225.111743
-111.375136,137,2225.268628
-52.918688,1000,2226.375049
-91.808754,145,2226.528151
-25.380615,1000,2227.628252
-33.129498,1000,2258.637363
-128.203173,157,2258.84519
-45.568172,1000,2260.105416
-98.417547,136,2260.276924
-47.616009,1000,2261.505262
-28.664128,1000,2262.722394
7.757083,1000,2263.939698
-117.69575,134,2264.108135
-33.683354,1000,2265.422838
-126.109202,122,2265.581234
-138.514394,476,2266.215231
-112.207198,134,2266.388245
-121.757358,326,2266.814669
-65.667707,1000,2268.124104
-54.413083,1000,2269.376656
-33.74729,1000,2311.396319
-18.164022,1000,2312.634031
-126.350659,159,2312.824302
-46.791794,1000,2314.015816
-75.544215,1000,2315.124835
-92.335271,159,2315.29775
-108.837584,170,2315.484034
-107.561649,1000,2316.594602
-47.122049,1000,2317.705969
-119.327353,143,2317.858089
-113.019655,1000,2318.954261
-68.583931,1000,2320.062392
-84.928337,152,2320.228425
-82.536337,231,2320.487025
-58.612731,1000,2321.567674
-34.420559,1000,2363.736188
-129.169029,175,2363.952719
-34.628398,1000,2365.107271
-47.337181,1000,2366.236245
-95.114605,1000,2367.344317
-68.085394,1000,2368.443235
-77.642596,1000,2369.546334
-20.133647,1000,2370.626379
-53.600164,1000,2371.716311
-87.888829,193,2371.928998
-77.863269,1000,2373.116109
-93.737768,203,2373.355259
-44.082243,1000,2374.514957
-105.82227,213,2412.59502
-22.942194,1000,2413.946216
-38.024112,1000,2415.05214
-124.851461,195,2415.264999
-37.41736,1000,2416.357213
-97.53684,146,2416.5139
-91.162469,173,2416.707931
-17.487611,1000,2417.820096
-20.978758,1000,2418.925222
-88.205951,146,2419.08523
-67.622666,150,2419.255421
-39.879107,1000,2420.412026
-57.921765,1000,2421.552977
-23.234528,1000,2422.698901
-43.334344,1000,2423.834309
-42.318918,1000,2464.394198
-39.80723,1000,2465.501334
137.890086,837,2466.416652
-86.487001,196,2466.634028
-37.916753,1000,2467.719908
44.361666,1000,2468.824205
108.401837,906,2469.821357
-109.256761,153,2469.99262
-33.700525,1000,2471.084118
-110.607455,452,2471.591755
69.010323,1000,2472.709429
-58.036129,178,2472.90278
-90.360532,236,2473.165079
-114.748958,155,2473.338526
-40.945765,1000,2520.527726
173.296732,785,2521.692656
136.315229,958,2522.905144
-63.919938,1000,2524.049792
-20.900407,1000,2525.161749
-30.061247,1000,2526.275379
-101.8842,226,2526.52677
149.860971,887,2527.527097
9.505299,1000,2528.629144
-76.596655,144,2528.794849
-31.36764,1000,2529.899555
-91.00321,161,2530.080635
-94.752016,174,2530.271653
-96.033822,165,2530.457151
-103.719902,149,2530.629967
-25.261244,1000,2531.724705
-15.289786,1000,2567.885263
-20.814271,1000,2568.993447
-73.687936,154,2569.163321
-95.752387,187,2569.369319
83.731517,837,2570.289809
-82.511023,1000,2571.361791
23.346982,1000,2572.441757
171.37469,716,2573.212955
-77.21547,1000,2574.300505
-85.794458,150,2574.464245
156.795623,850,2575.385121
-35.120283,1000,2576.494346
137.464793,751,2577.32709
-54.369971,1000,2617.588522
146.265817,883,2618.576516
-19.404957,1000,2619.71095
-14.514887,1000,2620.809278
-119.716739,247,2621.078688
-41.386892,1000,2622.17307
-71.436759,248,2622.454733
4.536189,1000,2623.562536
-88.876706,179,2623.759722
22.024245,1000,2624.862426
6.596403,1000,2625.977036
74.525208,958,2627.05136
-91.933334,150,2627.218646
-29.406789,1000,2628.32694
-62.944939,1000,2668.017601
-32.758806,1000,2669.307733
138.24898,771,2670.270622
92.78016,954,2671.43416
-101.745387,243,2671.710418
-1.600992,1000,2672.872119
-107.634865,217,2673.133207
152.134172,661,2673.916898
-155.439453,575,2674.56125
-12.021187,1000,2675.687099
-41.259594,1000,2676.795877
-34.923977,1000,2677.913294
-56.505786,1000,2713.783033
-53.586246,180,2713.994182
-17.388247,1000,2715.151785
-31.936462,1000,2716.277479
126.819767,833,2717.218444
-100.331163,967,2718.281494
86.211003,958,2719.369348
-29.29799,1000,2720.46715
107.424476,958,2721.518839
-90.326768,187,2721.726621
123.305944,640,2722.439823
-43.498257,1000,2723.546937
-68.41018,1000,2763.685207
62.300819,938,2764.871558
128.577647,931,2766.015719
22.514653,1000,2767.312984
161.587564,916,2768.525812
108.673998,968,2769.806737
-29.565793,1000,2770.925426
137.571103,562,2771.547013
-99.072073,223,2771.797376
-4.440036,1000,2772.899995
117.000445,844,2773.840505
127.845218,887,2774.810885
123.786157,777,2818.262377
-38.929251,1000,2819.380854
152.825624,829,2820.299552
2.010255,1000,2821.403884
138.186614,863,2822.359362
-24.076949,1000,2823.448124
185.420863,680,2824.196218
139.510685,769,2825.058787
-38.034474,804,2825.95741
-52.05782,1000,2827.033884
111.608434,972,2828.117888
-17.036398,1000,2870.025867
-55.221359,1000,2871.284993
84.071585,1000,2872.521522
-37.984658,197,2872.749297
-42.96215,1000,2873.891765
180.690252,622,2874.596249
-59.170291,1000,2875.711734
155.723805,852,2876.654275
157.721703,834,2877.602411
215.213034,667,2878.352507
153.334793,691,2879.122051
114.632495,835,2880.052804
156.730492,984,2881.144043
134.186349,836,2925.130388
-19.542893,1000,2926.220237
-1.074616,74,2926.296323
203.368112,734,2927.098503
45.055443,291,2927.411665
221.95435,543,2928.0123
183.626563,510,2928.567259
58.373899,1000,2929.679554
168.182909,881,2930.675499
81.71408,1000,2931.795332
93.548305,959,2932.865328
188.54026,679,2933.630511
159.576606,599,2934.304226
14.685253,1000,2935.415249
79.122882,958,2976.668264
13.220423,1000,2977.829922
228.891677,542,2978.439925
-7.809362,1000,2979.53827
-56.258999,379,2979.955224
102.82313,946,2981.016428
157.92283,440,2981.51328
193.649061,555,2982.118129
-17.302043,1000,2983.209389
195.212692,562,2983.828215
224.161663,427,2984.304009
-44.746807,1000,2985.417751
7.78218,1000,2986.528435
-39.967755,1000,3038.478812
41.901854,1000,3039.727778
166.754374,403,3040.174767
-57.728698,1000,3041.274172
193.301231,603,3041.943859
-49.259434,1000,3043.047377
159.602228,337,3043.42018
219.310402,817,3044.320017
131.608514,1000,3045.43732
-60.718939,1000,3046.537187
197.391651,539,3047.120828
147.122756,602,3047.777624
-14.281653,1000,3048.854364
-47.135736,1000,3091.032882
160.005782,979,3092.138943
-17.331849,1000,3093.329867
28.058117,1000,3094.495616
192.152615,232,3094.75384
276.664187,354,3095.144892
-82.00489,1000,3096.246937
160.661636,635,3096.949378
-65.008445,481,3097.478483
-17.414901,1000,3098.569047
153.566969,286,3098.884467
169.816179,665,3099.596914
-28.914411,1000,3100.663902
89.160733,1000,3146.673903
-38.014742,469,3147.208979
192.497963,486,3147.770247
196.235844,554,3148.381238
93.176991,1000,3149.498376
114.319317,854,3150.445546
-31.338258,202,3150.66172
-62.876343,1000,3151.74693
183.014481,590,3152.421793
164.301619,675,3153.197793
262.718334,352,3153.602776
139.253063,873,3154.619886
146.696696,326,3154.988565
285.414495,366,3155.402057
236.032495,392,3155.838562
155.367172,771,3156.686772
158.667513,352,3157.081672
226.09516,380,3190.76505
-17.099001,1000,3191.914894
195.467367,659,3192.669495
202.274863,301,3193.002732
182.157576,550,3193.612799
225.664563,521,3194.176348
201.230327,495,3194.715199
238.675531,472,3195.229088
-38.434212,1000,3196.312156
239.098413,407,3196.757198
255.242694,377,3197.165254
32.144085,149,3197.335273
-11.308178,1000,3198.406785
112.845035,846,3199.33144
230.694831,538,3199.924206
205.167462,308,3200.269479
-22.684118,1000,3201.362508
142.104054,624,3235.506641
165.594529,587,3236.321346
247.518778,349,3236.799619
224.926332,999,3238.166235
269.987571,348,3238.640776
29.52431,187,3238.893374
92.737781,1000,3240.246019
267.960465,325,3240.642063
57.365997,200,3240.886998
106.540309,851,3241.952738
-49.771928,1000,3243.176073
283.406846,377,3243.635618
62.303742,1000,3244.87433
-60.216422,1000,3246.064027
-45.775047,453,3246.577212
82.293053,1000,3275.530345
143.180021,386,3275.977062
216.62698,388,3276.420543
53.118236,1000,3277.555331
-23.260041,1000,3278.65754
87.16797,874,3279.624091
234.680273,331,3279.993332
169.700234,418,3280.456864
61.104945,1000,3281.56331
248.497966,501,3282.112722
211.772384,309,3282.448831
281.502206,313,3282.796016
184.378873,419,3283.242421
249.054923,293,3283.561372
282.571554,253,3283.839552
152.694288,406,3284.282597
214.427562,657,3285.006246
199.377179,511,3285.566967
182.865429,382,3285.997092
271.138532,357,3286.397237
-25.174372,1000,3315.831517
-32.472892,1000,3317.133233
177.518541,955,3318.420028
186.149862,493,3319.065413
250.641098,320,3319.462228
196.157242,453,3319.985157
252.22992,329,3320.353834
283.174876,405,3320.80052
214.580287,417,3321.259539
282.773035,928,3322.282047
312.587415,218,3322.522374
257.322756,331,3322.878833
219.899712,292,3323.204837
221.312855,815,3324.131577
-4.21287,1000,3325.258055
226.652011,368,3325.680809
40.473919,1000,3367.098
-51.826767,1000,3368.225233
295.85312,358,3368.627178
183.246295,334,3369.002254
226.073809,323,3369.362254
6.110864,1000,3370.482381
206.889458,583,3371.140144
-60.730166,1000,3372.246849
257.242932,507,3372.822862
242.365099,430,3373.305182
-92.954799,918,3374.340258
80.73545,877,3375.301924
-18.86163,1000,3376.397262
271.325223,259,3376.682048
-32.65835,1000,3377.783993
269.710275,275,3404.877509
-26.441221,1000,3406.220319
252.208135,245,3406.521908
221.12326,618,3407.289074
195.239689,483,3407.840817
267.291461,476,3408.374933
244.796056,671,3409.125952
215.036214,468,3409.654037
145.306806,820,3410.570679
151.476722,481,3411.097651
144.104724,940,3412.141223
112.916211,734,3412.943079
-37.724143,1000,3414.037782
239.933177,382,3414.462917
247.647087,460,3414.974111
221.445766,426,3415.444393
218.114081,589,3416.093794
254.328598,376,3474.387959
173.04893,578,3475.703954
179.943635,1000,3478.042628
276.951039,316,3478.781752
-86.044585,1000,3481.011642
157.076055,797,3482.852179
114.220591,744,3484.487392
-43.853784,1000,3486.724834
289.539978,323,3487.406925
286.189424,375,3488.218366
243.00173,400,3489.075931
180.176752,511,3490.182798
266.181981,269,3490.751153
251.97476,358,3491.532435
173.199989,519,3492.657999
277.449874,306,3493.323106
204.637572,389,3494.184104
271.447154,260,3494.762897
168.145902,762,3549.76187
-6.30248,1000,3551.977223
192.177646,470,3553.093045
264.053417,309,3553.771282
284.922927,245,3554.309278
-0.926846,1000,3556.638241
-31.166854,1000,3558.786976
246.750928,311,3559.457914
224.635576,422,3560.371019
-0.668552,1000,3562.542188
199.445599,381,3563.373021
173.903827,487,3564.466756
-13.436066,1000,3566.676967
187.861638,421,3567.614976
269.407696,306,3568.319243
58.793794,1000,3570.613883
257.229701,326,3571.320177
184.775958,459,3613.173836
-28.312124,1000,3614.537574
252.875644,344,3615.008726
239.177417,361,3615.530164
209.88603,406,3616.074242
240.647453,473,3616.628368
192.421953,577,3617.297692
245.283735,404,3617.750097
271.63442,465,3618.280735
266.070714,361,3618.685863
210.437546,446,3619.183859
231.201728,382,3619.611805
111.12224,702,3620.399527
268.070306,266,3620.704722
210.264748,386,3621.123823
149.920995,514,3621.687818
213.843109,790,3622.567698
251.839728,326,3622.93413
238.599791,447,3623.429984
235.095929,460,3623.97303
272.714905,713,3662.443959
275.922617,251,3662.775819
234.749096,357,3663.242196
223.309643,397,3663.748602
206.201454,417,3664.275127
227.543805,468,3664.862218
180.434744,438,3665.416736
245.460034,360,3665.868904
-28.18957,1000,3667.107292
-37.2345,1000,3668.282849
216.771128,453,3668.773741
288.190367,263,3669.06889
292.914048,226,3669.317185
119.717709,1000,3670.423939
166.443788,480,3670.946061
179.650804,504,3671.504932
117.481362,912,3672.502185
146.364253,650,3673.221201
190.045267,620,3673.901052
262.751599,258,3701.255811
42.434964,1000,3702.416943
203.553016,408,3702.881653
241.984506,354,3703.277261
115.644688,748,3704.100451
283.036922,253,3704.380558
163.81484,990,3705.464107
240.699786,381,3705.88002
243.71509,355,3706.27219
204.223986,593,3706.933683
252.265779,384,3707.357142
225.863211,549,3707.958459
120.315775,880,3708.934698
206.086013,384,3709.356669
213.795444,429,3709.82933
112.703271,1000,3710.938624
265.934606,333,3711.306848
243.884501,370,4636.185348
233.932297,367,4636.36269
-6.053711,1000,4636.843745
238.140121,283,4636.978855
263.258157,301,4637.130428
215.061729,450,4637.353625
235.11871,362,4637.530176
293.262675,294,4637.671291
4.084801,1000,4638.152067
249.405672,403,4638.352473
251.25129,319,4650.222253
218.915651,502,4650.469331
188.478362,625,4650.775754
220.3607,474,4651.005631
258.271172,274,4651.142006
223.341214,331,4651.308602
199.796016,432,4651.524244
216.209482,428,4651.740173
245.846117,358,4651.92013
275.418523,275,4652.057741
41.618346,1000,4678.188215
